<?xml version="1.0" encoding="UTF-8" standalone="no"?>
<Data>
<Categories>
<category>Haushalt</category>
<category>Geschenke</category>
<category>Telefonate</category>
<category>Software Engineering</category>
<category>Datenmodellierung</category>
<category>ABC</category>
</Categories>
<Contributors>
<contributor>Mara Vukadinovic</contributor>
<contributor>Dino Osmanagic</contributor>
<contributor>Noorullah Hamid</contributor>
</Contributors>
<Tasks>
<Task>
<taskNumber>1</taskNumber>
<taskDescription>Test</taskDescription>
<detailedTaskDescription/>
<dueDate>2020-07-30</dueDate>
<Contributors>
<contributor>Mara Vukadinovic</contributor>
<contributor>Dino Osmanagic</contributor>
<contributor>Noorullah Hamid</contributor>
</Contributors>
<isRecurrent>false</isRecurrent>
<isWeekly>false</isWeekly>
<isMonthly>false</isMonthly>
<monthday>0</monthday>
<weekday>null</weekday>
<numberOfRepititions>0</numberOfRepititions>
<repetitionDate/>
<Categories>
<category>Haushalt</category>
<category>Geschenke</category>
</Categories>
<Attachments/>
<creationDate>2020-01-01</creationDate>
<isDone>false</isDone>
<Subtasks>
<subtask type="false">A</subtask>
<subtask type="false">B</subtask>
<subtask type="false">HHB</subtask>
</Subtasks>
</Task>
<Task>
<taskNumber>2</taskNumber>
<taskDescription>NEU</taskDescription>
<detailedTaskDescription/>
<dueDate>2020-07-23</dueDate>
<Contributors>
<contributor>Dino Osmanagic</contributor>
</Contributors>
<isRecurrent>false</isRecurrent>
<isWeekly>false</isWeekly>
<isMonthly>false</isMonthly>
<monthday>0</monthday>
<weekday>null</weekday>
<numberOfRepititions>0</numberOfRepititions>
<repetitionDate/>
<Categories>
<category>Telefonate</category>
<category>Software Engineering</category>
<category>ABC</category>
</Categories>
<Attachments/>
<creationDate>2020-01-01</creationDate>
<isDone>false</isDone>
<Subtasks/>
</Task>
<Task>
<taskNumber>3</taskNumber>
<taskDescription>task2</taskDescription>
<detailedTaskDescription>566sdfgydfg</detailedTaskDescription>
<dueDate>2020-05-26</dueDate>
<Contributors>
<contributor>Mara Vukadinovic</contributor>
<contributor>Noorullah Hamid</contributor>
</Contributors>
<isRecurrent>false</isRecurrent>
<isWeekly>false</isWeekly>
<isMonthly>false</isMonthly>
<monthday>0</monthday>
<weekday>null</weekday>
<numberOfRepititions>0</numberOfRepititions>
<repetitionDate/>
<Categories/>
<Attachments/>
<creationDate>2020-01-01</creationDate>
<isDone>true</isDone>
<Subtasks/>
</Task>
<Task>
<taskNumber>4</taskNumber>
<taskDescription>task3</taskDescription>
<detailedTaskDescription>dess</detailedTaskDescription>
<dueDate>2020-05-26</dueDate>
<Contributors>
<contributor>Mara Vukadinovic</contributor>
</Contributors>
<isRecurrent>false</isRecurrent>
<isWeekly>false</isWeekly>
<isMonthly>false</isMonthly>
<monthday>0</monthday>
<weekday>null</weekday>
<numberOfRepititions>0</numberOfRepititions>
<repetitionDate/>
<Categories>
<category>Haushalt</category>
</Categories>
<Attachments/>
<creationDate>2020-01-01</creationDate>
<isDone>true</isDone>
<Subtasks/>
</Task>
<Task>
<taskNumber>5</taskNumber>
<taskDescription>tesrt</taskDescription>
<detailedTaskDescription/>
<dueDate>2020-05-22</dueDate>
<Contributors>
<contributor>Noorullah Hamid</contributor>
</Contributors>
<isRecurrent>false</isRecurrent>
<isWeekly>false</isWeekly>
<isMonthly>false</isMonthly>
<monthday>0</monthday>
<weekday>null</weekday>
<numberOfRepititions>0</numberOfRepititions>
<repetitionDate/>
<Categories/>
<Attachments/>
<creationDate>2020-01-01</creationDate>
<isDone>false</isDone>
<Subtasks/>
</Task>
<Task>
<taskNumber>6</taskNumber>
<taskDescription>fsgdrfg</taskDescription>
<detailedTaskDescription>adfsef</detailedTaskDescription>
<dueDate>2020-05-22</dueDate>
<Contributors>
<contributor>Dino Osmanagic</contributor>
</Contributors>
<isRecurrent>false</isRecurrent>
<isWeekly>false</isWeekly>
<isMonthly>false</isMonthly>
<monthday>0</monthday>
<weekday>null</weekday>
<numberOfRepititions>0</numberOfRepititions>
<repetitionDate/>
<Categories>
<category>Geschenke</category>
</Categories>
<Attachments>
<attachment>https://stackoverflow.com/questions/4301637/how-to-show-the-hidden-toolbar-of-eclipse</attachment>
</Attachments>
<creationDate>2020-01-01</creationDate>
<isDone>false</isDone>
<Subtasks/>
</Task>
<Task>
<taskNumber>7</taskNumber>
<taskDescription>task1</taskDescription>
<detailedTaskDescription>tgs</detailedTaskDescription>
<dueDate>2020-05-14</dueDate>
<Contributors>
<contributor>Dino Osmanagic</contributor>
</Contributors>
<isRecurrent>false</isRecurrent>
<isWeekly>false</isWeekly>
<isMonthly>false</isMonthly>
<monthday>0</monthday>
<weekday>null</weekday>
<numberOfRepititions>0</numberOfRepititions>
<repetitionDate/>
<Categories>
<category>Geschenke</category>
</Categories>
<Attachments/>
<creationDate>2020-01-01</creationDate>
<isDone>false</isDone>
<Subtasks/>
</Task>
<Task>
<taskNumber>8</taskNumber>
<taskDescription>jhhjdjud</taskDescription>
<detailedTaskDescription/>
<dueDate>2020-05-12</dueDate>
<Contributors>
<contributor>Mara Vukadinovic</contributor>
</Contributors>
<isRecurrent>false</isRecurrent>
<isWeekly>false</isWeekly>
<isMonthly>false</isMonthly>
<monthday>0</monthday>
<weekday>null</weekday>
<numberOfRepititions>0</numberOfRepititions>
<repetitionDate/>
<Categories/>
<Attachments/>
<creationDate>2020-01-01</creationDate>
<isDone>false</isDone>
<Subtasks/>
</Task>
<Task>
<taskNumber>9</taskNumber>
<taskDescription>sfhdshsfh</taskDescription>
<detailedTaskDescription>dagag</detailedTaskDescription>
<dueDate>2020-04-14</dueDate>
<Contributors>
<contributor>Dino Osmanagic</contributor>
</Contributors>
<isRecurrent>false</isRecurrent>
<isWeekly>false</isWeekly>
<isMonthly>false</isMonthly>
<monthday>0</monthday>
<weekday>null</weekday>
<numberOfRepititions>0</numberOfRepititions>
<repetitionDate/>
<Categories>
<category>Geschenke</category>
</Categories>
<Attachments/>
<creationDate>2020-01-01</creationDate>
<isDone>false</isDone>
<Subtasks/>
</Task>
<Task>
<taskNumber>10</taskNumber>
<taskDescription>adgadfgg</taskDescription>
<detailedTaskDescription>dgaga</detailedTaskDescription>
<dueDate>2020-03-11</dueDate>
<Contributors>
<contributor>Noorullah Hamid</contributor>
</Contributors>
<isRecurrent>true</isRecurrent>
<isWeekly>true</isWeekly>
<isMonthly>false</isMonthly>
<monthday>0</monthday>
<weekday>THURSDAY</weekday>
<numberOfRepititions>0</numberOfRepititions>
<repetitionDate/>
<Categories>
<category>Telefonate</category>
</Categories>
<Attachments/>
<creationDate>2020-01-01</creationDate>
<isDone>false</isDone>
<Subtasks/>
</Task>
</Tasks>
</Data>
